,pep_seq,hyd_count,deam_count,mass1,pep_start,pep_end,missed.cleaves,pep_diff,pep_id,pep_score
0,SGHPGPVGPAGVR,1,0,1203.61588358879,2045,2057,0,12,534,46.55
1,SGHPGPVGPAGVR,0,0,1187.62097334862,2045,2057,0,12,534,28.15
2,DGRSGHPGPVGPAGVR,1,0,1531.76545453072,2042,2057,1,15,533,51.0
3,DGRSGHPGPVGPAGVR,0,0,1515.77054429054,2042,2057,1,15,533,49.78
4,GPAGPSGPIGKDGR,1,0,1281.6475944519,2031,2044,1,13,531,73.76
5,GPAGPSGPIGKDGR,0,0,1265.65268421173,2031,2044,1,13,531,50.99
6,GPAGPSGPIGKDGR,2,0,1297.64250469208,2031,2044,1,13,531,48.82
7,GPAGPSGPIGK,0,0,937.503113269806,2031,2041,0,10,530,63.59
8,GPAGPSGPIGK,1,0,953.498023509979,2031,2041,0,10,530,43.69
9,GPAGPSGPIGK,2,0,969.492933750153,2031,2041,0,10,530,40.53
10,GHNGLQGLPGLAGLHGDQGAPGPVGPAGPR,1,1,2771.3905287981,2001,2030,0,29,529,30.4
11,GEPGDKGAR,1,0,902.425533413887,1986,1994,1,8,526,33.8
12,GPSGPQGIR,0,0,868.456462740898,1974,1982,0,8,521,51.08
13,GPSGPQGIR,0,1,869.440473079681,1974,1982,0,8,521,30.44
14,GEPGPAGSVGPVGAVGPRGPSGPQGIR,1,1,2427.23077833652,1956,1982,1,26,520,34.6
15,GEPGPAGSVGPVGAVGPR,1,0,1576.80087554455,1956,1973,0,17,519,87.66
16,GEPGPAGSVGPVGAVGPR,0,0,1560.80596530437,1956,1973,0,17,519,82.79
17,GEPGPAGSVGPVGAVGPR,2,0,1592.79578578472,1956,1973,0,17,519,37.5
18,HGNRGEPGPAGSVGPVGAVGPR,1,0,2041.0253661871,1952,1973,1,21,518,69.87
19,HGNRGEPGPAGSVGPVGAVGPR,1,1,2042.00937652588,1952,1973,1,21,518,59.99
20,HGNRGEPGPAGSVGPVGAVGPR,2,0,2057.02027642727,1952,1973,1,21,518,44.54
21,GYPGNIGPTGAAGAPGPHGSVGPAGK,2,0,2276.09863781929,1926,1951,0,25,516,87.12
22,GYPGNIGPTGAAGAPGPHGSVGPAGK,4,0,2308.08845829964,1926,1951,0,25,516,50.98
23,GYPGNIGPTGAAGAPGPHGSVGPAGK,2,1,2277.08264815807,1926,1951,0,25,516,45.9
24,GYPGNIGPTGAAGAPGPHGSVGPAGK,5,0,2324.08336853981,1926,1951,0,25,516,21.05
25,DGQPGHKGER,1,1,1097.48994398117,1916,1925,1,9,513,57.41
26,DGQPGHKGER,1,0,1096.50593364239,1916,1925,1,9,513,55.59
27,DGQPGHKGER,2,0,1112.50084388256,1916,1925,1,9,513,34.64
28,DGNPGSDGPPGR,1,0,1141.47976446152,1904,1915,0,11,510,62.97
29,DGNPGSDGPPGR,2,0,1157.47467470169,1904,1915,0,11,510,51.14
30,DGNPGSDGPPGR,1,1,1142.4637748003,1904,1915,0,11,510,43.68
31,DGNPGSDGPPGR,0,0,1125.48485422134,1904,1915,0,11,510,40.64
32,DGNPGSDGPPGR,2,1,1158.45868504047,1904,1915,0,11,510,32.37
33,GPPGAVGSPGVNGAPGEAGRDGNPGSDGPPGR,4,1,2875.27699100971,1884,1915,1,31,508,48.31
34,GPPGAVGSPGVNGAPGEAGRDGNPGSDGPPGR,2,0,2842.30316019058,1884,1915,1,31,508,42.56
35,GPPGAVGSPGVNGAPGEAGRDGNPGSDGPPGR,5,1,2891.27190124989,1884,1915,1,31,508,35.2
36,GPPGAVGSPGVNGAPGEAGRDGNPGSDGPPGR,3,1,2859.28208076954,1884,1915,1,31,508,34.81
37,GPPGAVGSPGVNGAPGEAGRDGNPGSDGPPGR,4,0,2874.29298067093,1884,1915,1,31,508,23.32
38,GPPGAVGSPGVNGAPGEAGRDGNPGSDGPPGR,5,0,2890.2878909111,1884,1915,1,31,508,21.11
39,GPPGAVGSPGVNGAPGEAGR,3,1,1752.8077968359,1884,1903,0,19,507,93.42
40,GPPGAVGSPGVNGAPGEAGR,3,0,1751.82378649712,1884,1903,0,19,507,91.49
41,GPPGAVGSPGVNGAPGEAGR,2,1,1736.81288659573,1884,1903,0,19,507,83.24
42,GPPGAVGSPGVNGAPGEAGR,2,0,1735.82887625694,1884,1903,0,19,507,78.69
43,GQPGIAGALGEPGPLGIAGPPGAR,3,0,2158.11833763123,1860,1883,0,23,505,136.03
44,GQPGIAGALGEPGPLGIAGPPGAR,2,0,2142.12342739105,1860,1883,0,23,505,99.65
45,GQPGIAGALGEPGPLGIAGPPGAR,4,0,2174.1132478714,1860,1883,0,23,505,67.52
46,GERGQPGIAGALGEPGPLGIAGPPGAR,3,0,2500.28356862068,1857,1883,1,26,504,80.92
47,GERGQPGIAGALGEPGPLGIAGPPGAR,2,0,2484.28865838051,1857,1883,1,26,504,55.04
48,GPSGEPGTTGPPGTAGPQGLLGAPGILGLPGSRGER,5,0,3345.66041266918,1824,1859,1,35,503,52.14
49,GPSGEPGTTGPPGTAGPQGLLGAPGILGLPGSRGER,4,0,3329.66550242901,1824,1859,1,35,503,31.22
50,GPSGEPGTTGPPGTAGPQGLLGAPGILGLPGSR,4,0,2987.50027143955,1824,1856,0,32,502,41.18
51,GPSGEPGTTGPPGTAGPQGLLGAPGILGLPGSR,5,0,3003.49518167973,1824,1856,0,32,502,36.36
52,TGEIGASGPPGFAGEK,1,0,1490.70520603657,1808,1823,0,15,501,63.23
53,TGEIGASGPPGFAGEK,2,0,1506.70011627674,1808,1823,0,15,501,50.04
54,GPRGDQGPVGR,0,0,1095.55833315849,1797,1807,1,10,498,51.37
55,TGPPGPSGITGPPGPPGAAGKEGIR,4,0,2289.14019858837,1772,1796,1,24,494,27.82
56,TGPPGPSGITGPPGPPGAAGK,4,0,1833.8908572197,1772,1792,0,20,493,76.72
57,TGPPGPSGITGPPGPPGAAGK,3,0,1817.89594697952,1772,1792,0,20,493,69.82
58,GDGGPPGMTGFPGAAGR,1,0,1517.67317581177,1755,1771,0,16,492,86.43
59,GDGGPPGMTGFPGAAGR,2,0,1533.66808605194,1755,1771,0,16,492,81.92
60,GDGGPPGMTGFPGAAGR,3,0,1549.66299629211,1755,1771,0,16,492,75.95
61,GENGIVGPTGPVGAAGPSGPNGPPGPAGSR,1,1,2598.24754953384,1725,1754,0,29,491,70.58
62,GENGIVGPTGPVGAAGPSGPNGPPGPAGSR,1,2,2599.23155987263,1725,1754,0,29,491,68.49
63,GENGIVGPTGPVGAAGPSGPNGPPGPAGSR,1,0,2597.26353919506,1725,1754,0,29,491,59.39
64,GENGIVGPTGPVGAAGPSGPNGPPGPAGSR,0,0,2581.26862895489,1725,1754,0,29,491,30.36
65,GPKGENGIVGPTGPVGAAGPSGPNGPPGPAGSR,2,0,2895.42772018909,1722,1754,1,32,490,81.31
66,GPKGENGIVGPTGPVGAAGPSGPNGPPGPAGSR,2,1,2896.41173052788,1722,1754,1,32,490,77.11
67,GPKGENGIVGPTGPVGAAGPSGPNGPPGPAGSR,3,2,2913.39065110683,1722,1754,1,32,490,43.95
68,GEVGPAGPNGFAGPAGSAGQPGAKGEK,2,1,2398.12016916275,1692,1718,1,26,486,91.46
69,GEVGPAGPNGFAGPAGSAGQPGAKGEK,2,2,2399.10417950153,1692,1718,1,26,486,54.36
70,GEVGPAGPNGFAGPAGSAGQPGAKGEK,1,1,2382.12525892258,1692,1718,1,26,486,46.37
71,GEVGPAGPNGFAGPAGSAGQPGAKGEK,2,0,2397.13615882397,1692,1718,1,26,486,35.32
72,GEVGPAGPNGFAGPAGSAGQPGAKGEK,1,0,2381.14124858379,1692,1718,1,26,486,32.4
73,GEVGPAGPNGFAGPAGSAGQPGAK,0,1,2051.9712574482,1692,1715,0,23,485,87.76
74,GEVGPAGPNGFAGPAGSAGQPGAK,2,0,2082.97706758976,1692,1715,0,23,485,82.34
75,GEVGPAGPNGFAGPAGSAGQPGAK,1,1,2067.96616768837,1692,1715,0,23,485,80.46
76,GEVGPAGPNGFAGPAGSAGQPGAK,0,0,2050.98724710941,1692,1715,0,23,485,73.24
77,GEVGPAGPNGFAGPAGSAGQPGAK,2,1,2083.96107792854,1692,1715,0,23,485,72.48
78,GEVGPAGPNGFAGPAGSAGQPGAK,2,2,2084.94508826733,1692,1715,0,23,485,70.34
79,GEVGPAGPNGFAGPAGSAGQPGAK,1,0,2066.98215734959,1692,1715,0,23,485,53.74
80,GEVGPAGPNGFAGPAGSAGQPGAK,0,2,2052.95526778698,1692,1715,0,23,485,47.91
81,GSPGERGEVGPAGPNGFAGPAGSAGQPGAK,4,0,2698.23842000961,1686,1715,1,29,483,78.58
82,GSPGERGEVGPAGPNGFAGPAGSAGQPGAK,2,0,2666.24859952927,1686,1715,1,29,483,60.01
83,GSPGERGEVGPAGPNGFAGPAGSAGQPGAK,2,1,2667.23260986805,1686,1715,1,29,483,35.09
84,GSPGERGEVGPAGPNGFAGPAGSAGQPGAK,3,0,2682.24350976944,1686,1715,1,29,483,32.28
85,GEAGAAGPSGPAGPR,0,0,1251.60061430931,1671,1685,0,14,481,76.52
86,GEAGAAGPSGPAGPR,1,0,1267.59552454948,1671,1685,0,14,481,54.84
87,GAPGAIGAPGPAGASGDRGEAGAAGPSGPAGPR,2,0,2743.30752956867,1653,1685,1,32,480,73.55
88,GAPGAIGAPGPAGASGDRGEAGAAGPSGPAGPR,3,0,2759.30243980885,1653,1685,1,32,480,35.25
89,GAPGAIGAPGPAGASGDRGEAGAAGPSGPAGPR,4,0,2775.29735004902,1653,1685,1,32,480,27.97
90,GAPGAIGAPGPAGASGDR,2,0,1510.71748554707,1653,1670,0,17,479,79.68
91,GAPGAIGAPGPAGASGDR,3,0,1526.71239578724,1653,1670,0,17,479,68.54
92,GETGLRGEIGNPGR,0,0,1412.71709477901,1635,1648,1,13,474,38.01
93,GETGLRGEIGNPGR,1,0,1428.71200501919,1635,1648,1,13,474,36.22
94,GETGLRGEIGNPGR,1,1,1429.69601535797,1635,1648,1,13,474,21.33
95,GEKGETGLR,1,0,962.483083844185,1632,1640,1,8,473,31.81
96,GAAGIPGGKGEK,1,0,1057.5566239357,1623,1634,1,11,470,31.79
97,GEAGAVGAPGSAGASGPGGLPGER,3,0,2026.93556797504,1599,1622,0,23,468,55.87
98,GPSGAPGPDGNK,1,0,1069.48380422592,1587,1598,0,11,467,40.89
99,GPSGAPGPDGNKGEAGAVGAPGSAGASGPGGLPGER,3,0,3061.41389167309,1587,1622,1,35,465,65.39
100,GPSGAPGPDGNKGEAGAVGAPGSAGASGPGGLPGER,3,1,3062.39790201187,1587,1622,1,35,465,30.96
101,GPSGAPGPDGNKGEAGAVGAPGSAGASGPGGLPGER,4,1,3078.39281225204,1587,1622,1,35,465,28.96
102,GPSGAPGPDGNKGEAGAVGAPGSAGASGPGGLPGER,4,0,3077.40880191326,1587,1622,1,35,465,27.45
103,GPSGAPGPDGNKGEAGAVGAPGSAGASGPGGLPGER,5,0,3093.40371215343,1587,1622,1,35,465,21.27
104,GPPGESGAAGPSGPIGIR,1,0,1592.79578578472,1569,1586,0,17,463,92.22
105,GPPGESGAAGPSGPIGIR,2,0,1608.79069602489,1569,1586,0,17,463,45.45
106,GPPGESGAAGPSGPIGIR,0,0,1576.80087554455,1569,1586,0,17,463,28.01
107,GERGPPGESGAAGPSGPIGIR,1,0,1934.96101677418,1566,1586,1,20,462,84.29
108,GERGPPGESGAAGPSGPIGIR,2,0,1950.95592701435,1566,1586,1,20,462,28.98
109,GERGPPGESGAAGPSGPIGIR,0,0,1918.966106534,1566,1586,1,20,462,23.75
110,GLPGEFGLPGPAGPRGER,2,0,1795.90169596672,1551,1568,1,17,461,41.63
111,GLPGEFGLPGPAGPRGER,3,0,1811.89660620689,1551,1568,1,17,461,32.26
112,GLPGEFGLPGPAGPRGER,1,0,1779.90678572655,1551,1568,1,17,461,31.05
113,GLPGEFGLPGPAGPR,2,0,1453.73646497726,1551,1565,0,14,460,70.61
114,GLPGEFGLPGPAGPR,1,0,1437.74155473709,1551,1565,0,14,460,65.55
115,GLPGEFGLPGPAGPR,3,0,1469.73137521744,1551,1565,0,14,460,47.54
116,GLPGEFGLPGPAGPR,4,0,1485.72628545761,1551,1565,0,14,460,24.94
117,GEQGPAGPPGFQGLPGPSGTAGEVGKPGER,3,0,2836.3429505825,1521,1550,0,29,459,58.32
118,GEQGPAGPPGFQGLPGPSGTAGEVGKPGER,3,1,2837.32696092129,1521,1550,0,29,459,49.36
119,GEQGPAGPPGFQGLPGPSGTAGEVGKPGER,3,2,2838.31097126007,1521,1550,0,29,459,26.26
120,GAPGPDGNNGAQGPPGPQGVQGGK,2,0,2145.98392772675,1497,1520,0,23,457,88.44
121,GAPGPDGNNGAQGPPGPQGVQGGK,2,2,2147.95194840431,1497,1520,0,23,457,74.14
122,GAPGPDGNNGAQGPPGPQGVQGGK,2,1,2146.96793806553,1497,1520,0,23,457,71.53
123,GAPGPDGNNGAQGPPGPQGVQGGK,3,0,2161.97883796692,1497,1520,0,23,457,34.36
124,GAPGPDGNNGAQGPPGPQGVQGGK,3,1,2162.9628483057,1497,1520,0,23,457,26.08
125,GPSGDPGKPGEKGHPGLAGAR,1,0,1957.97700643539,1476,1496,1,20,452,95.96
126,GPSGDPGKPGEKGHPGLAGAR,2,0,1973.97191667557,1476,1496,1,20,452,89.38
127,GPSGDPGKPGEKGHPGLAGAR,0,0,1941.98209619522,1476,1496,1,20,452,37.12
128,GPSGDPGKPGEKGHPGLAGAR,3,0,1989.96682691574,1476,1496,1,20,452,25.11
129,GPSGDPGKPGEK,2,0,1157.53626489639,1476,1487,0,11,451,32.84
130,GPSGDPGKPGEK,1,0,1141.54135465622,1476,1487,0,11,451,31.28
131,GEAGNIGFPGPK,2,0,1175.56210446358,1464,1475,0,11,448,72.0
132,GEAGNIGFPGPK,2,1,1176.54611480236,1464,1475,0,11,448,59.48
133,GEAGNIGFPGPK,3,0,1191.55701470375,1464,1475,0,11,448,34.82
134,EGPVGLPGIDGRPGPIGPAGPR,1,0,2082.10228681564,1442,1463,0,21,444,40.47
135,EGPVGLPGIDGRPGPIGPAGPR,2,0,2098.09719705582,1442,1463,0,21,444,38.98
136,EGPVGLPGIDGRPGPIGPAGPR,3,0,2114.09210729599,1442,1463,0,21,444,36.84
137,EGPVGLPGIDGRPGPIGPAGPR,4,0,2130.08701753616,1442,1463,0,21,444,22.95
138,GLPGSPGNVGPAGKEGPVGLPGIDGRPGPIGPAGPR,3,1,3303.70152151585,1428,1463,1,35,442,25.48
139,GLPGSPGNVGPAGK,2,0,1239.62579464912,1428,1441,0,13,440,87.34
140,GLPGSPGNVGPAGK,2,1,1240.60980498791,1428,1441,0,13,440,76.33
141,GLPGSPGNVGPAGK,3,1,1256.60471522808,1428,1441,0,13,440,41.69
142,GLPGSPGNVGPAGK,3,0,1255.6207048893,1428,1441,0,13,440,37.62
143,GPNGDAGRPGEPGLMGPR,2,0,1766.81693661213,1410,1427,0,17,435,42.7
144,GPNGDAGRPGEPGLMGPR,4,0,1798.80675709248,1410,1427,0,17,435,42.4
145,GPNGDAGRPGEPGLMGPR,3,0,1782.8118468523,1410,1427,0,17,435,38.95
146,GPNGDAGRPGEPGLMGPR,4,1,1799.79076743126,1410,1427,0,17,435,38.67
147,GPNGDAGRPGEPGLMGPR,3,1,1783.79585719109,1410,1427,0,17,435,35.89
148,GSTGPAGVRGPNGDAGRPGEPGLMGPR,2,0,2549.22060906887,1401,1427,1,26,433,32.49
149,GSTGPAGVRGPNGDAGRPGEPGLMGPR,3,1,2566.19952964783,1401,1427,1,26,433,27.32
150,GSTGPAGVR,0,0,801.414242744446,1401,1409,0,8,432,48.72
151,GSTGPAGVR,1,0,817.409152984619,1401,1409,0,8,432,34.86
152,AGVMGPPGNR,2,0,987.460573911667,1391,1400,0,9,430,74.19
153,AGVMGPPGNR,1,0,971.465663671494,1391,1400,0,9,430,55.38
154,AGVMGPPGNR,0,0,955.47075343132,1391,1400,0,9,430,47.82
155,GSPGSRGLPGADGR,2,0,1315.62789463997,1377,1390,1,13,427,40.43
156,GSPGEPGSAGPAGPPGLRGSPGSR,2,0,2134.02033758163,1359,1382,1,23,425,38.53
157,GSPGEPGSAGPAGPPGLRGSPGSR,3,0,2150.01524782181,1359,1382,1,23,425,28.37
158,GSPGEPGSAGPAGPPGLR,1,0,1576.76446568966,1359,1376,0,17,424,85.98
159,GSPGEPGSAGPAGPPGLR,2,0,1592.75937592983,1359,1376,0,17,424,71.94
160,RGSPGEPGSAGPAGPPGLR,1,0,1732.86561572552,1358,1376,1,18,422,69.79
161,RGSPGEPGSAGPAGPPGLR,2,0,1748.86052596569,1358,1376,1,18,422,51.53
162,GEPGSAGAQGPPGPSGEEGKR,2,0,1953.88277769089,1338,1358,1,20,420,50.48
163,GEPGSAGAQGPPGPSGEEGK,2,0,1797.78162765503,1338,1357,0,19,419,77.95
164,GEPGSAGAQGPPGPSGEEGK,2,1,1798.76563799381,1338,1357,0,19,419,41.31
165,GEPGSAGAQGPPGPSGEEGK,1,0,1781.78671741486,1338,1357,0,19,419,30.25
166,GETGNKGEPGSAGAQGPPGPSGEEGK,3,0,2400.04774022102,1332,1357,1,25,417,56.51
167,GETGNKGEPGSAGAQGPPGPSGEEGK,2,0,2384.05282998085,1332,1357,1,25,417,43.33
168,GETGNKGEPGSAGAQGPPGPSGEEGK,1,0,2368.05791974068,1332,1357,1,25,417,28.15
169,GETGNKGEPGSAGAQGPPGPSGEEGK,2,1,2385.03684031963,1332,1357,1,25,417,24.13
170,GLVGEPGPAGSKGETGNK,2,0,1686.82240688801,1320,1337,1,17,415,55.56
171,GLVGEPGPAGSK,1,0,1084.55629432201,1320,1331,0,11,414,46.88
172,GLVGEPGPAGSK,2,0,1100.55120456219,1320,1331,0,11,414,46.18
173,GIPGPVGAAGATGPR,1,0,1293.68400430679,1305,1319,0,14,412,79.72
174,GIPGPVGAAGATGPR,2,0,1309.67891454697,1305,1319,0,14,412,77.96
175,GIPGPVGAAGATGPR,3,0,1325.67382478714,1305,1319,0,14,412,42.99
176,GATGLPGVAGAPGLPGPRGIPGPVGAAGATGPR,5,0,2883.50053989887,1287,1319,1,32,409,21.56
177,GATGLPGVAGAPGLPGPR,3,0,1592.83219563961,1287,1304,0,17,408,76.66
178,GEAGLPGLSGPVGPPGNPGANGLTGAK,4,1,2407.16681969166,1260,1286,0,26,402,73.62
179,GEAGLPGLSGPVGPPGNPGANGLTGAK,4,0,2406.18280935287,1260,1286,0,26,402,69.74
180,GEAGLPGLSGPVGPPGNPGANGLTGAK,3,0,2390.1878991127,1260,1286,0,26,402,60.38
181,GEAGLPGLSGPVGPPGNPGANGLTGAK,3,1,2391.17190945148,1260,1286,0,26,402,54.45
182,GELGPVGNPGPAGPAGPR,1,1,1616.79578578472,1242,1259,0,17,400,86.24
183,GELGPVGNPGPAGPAGPR,1,0,1615.81177544594,1242,1259,0,17,400,78.28
184,GELGPVGNPGPAGPAGPR,0,0,1599.81686520576,1242,1259,0,17,400,73.45
185,GELGPVGNPGPAGPAGPR,2,0,1631.80668568611,1242,1259,0,17,400,70.39
186,GELGPVGNPGPAGPAGPR,0,1,1600.80087554455,1242,1259,0,17,400,68.04
187,GSDGSVGPVGPAGPIGSAGPPGFPGAPGPK,3,0,2589.25125968456,1212,1241,0,29,396,111.55
188,GSDGSVGPVGPAGPIGSAGPPGFPGAPGPK,2,0,2573.25634944439,1212,1241,0,29,396,97.83
189,GSDGSVGPVGPAGPIGSAGPPGFPGAPGPK,4,0,2605.24616992474,1212,1241,0,29,396,53.17
190,VGAPGPAGARGSDGSVGPVGPAGPIGSAGPPGFPGAPGPK,4,0,3438.69715213776,1202,1241,1,39,395,41.22
191,VGAPGPAGARGSDGSVGPVGPAGPIGSAGPPGFPGAPGPK,2,0,3406.70733165741,1202,1241,1,39,395,28.19
192,VGAPGPAGARGSDGSVGPVGPAGPIGSAGPPGFPGAPGPK,3,0,3422.70224189758,1202,1241,1,39,395,20.8
193,VGAPGPAGAR,1,0,868.456462740898,1202,1211,0,9,394,65.19
194,GRVGAPGPAGAR,1,0,1081.57908296585,1200,1211,1,11,392,66.0
195,GEPGAPGENGTPGQAGAR,3,0,1670.72949659824,1176,1193,0,17,387,75.72
196,GEPGAPGENGTPGQAGAR,3,1,1671.71350693703,1176,1193,0,17,387,62.88
197,GEPGAPGENGTPGQAGAR,3,2,1672.69751727581,1176,1193,0,17,387,59.27
198,GEPGAPGENGTPGQAGAR,2,1,1655.71859669685,1176,1193,0,17,387,40.73
199,GEPGAPGENGTPGQAGAR,2,2,1656.70260703564,1176,1193,0,17,387,23.68
200,GQPGAQGVKGEPGAPGENGTPGQAGAR,5,0,2525.15430963039,1167,1193,1,26,385,29.51
201,GQPGAQGVKGEPGAPGENGTPGQAGAR,4,0,2509.15939939022,1167,1193,1,26,385,27.62
202,GHNGLDGLKGQPGAQGVK,2,1,1765.87585639954,1158,1175,1,17,383,28.16
203,GHNGLDGLK,0,0,910.467033028603,1158,1166,0,8,382,35.13
204,GHNGLDGLK,1,1,927.445953607559,1158,1166,0,8,382,34.83
205,GHNGLDGLK,0,1,911.451043367386,1158,1166,0,8,382,31.09
206,GHNGLDGLK,1,0,926.461943268776,1158,1166,0,8,382,29.04
207,GFPGTPGLPGFKGIR,3,0,1548.81000506878,1143,1157,1,14,378,53.07
208,GFPGTPGLPGFKGIR,4,0,1564.80491530895,1143,1157,1,14,378,49.78
209,GFPGTPGLPGFK,3,0,1222.60327446461,1143,1154,0,11,377,48.02
210,GFPGTPGLPGFK,2,0,1206.60836422443,1143,1154,0,11,377,44.11
211,GFPGTPGLPGFK,4,0,1238.59818470478,1143,1154,0,11,377,36.4
212,GVVGPQGAR,0,0,840.461552500725,1134,1142,0,8,374,61.51
213,GVVGPQGAR,0,1,841.445562839508,1134,1142,0,8,374,34.03
214,AGEDGHPGKPGRPGER,2,0,1648.77165544033,1118,1133,0,15,368,28.76
215,AGEDGHPGKPGRPGER,3,0,1664.7665656805,1118,1133,0,15,368,28.74
216,GPPGAVGAPGPQGFQGPAGEPGEPGQTGPAGSR,4,1,3004.36005139351,1077,1109,0,32,362,33.75
217,GPPGAVGAPGPQGFQGPAGEPGEPGQTGPAGSR,6,0,3035.36586153507,1077,1109,0,32,362,25.08
218,GVSAGPGPMGLMGPR,0,0,1383.68021559715,1062,1076,0,14,359,87.47
219,GVSAGPGPMGLMGPR,3,0,1431.66494631767,1062,1076,0,14,359,65.88
220,GVSAGPGPMGLMGPR,2,0,1415.6700360775,1062,1076,0,14,359,65.43
221,GVSAGPGPMGLMGPR,1,0,1399.67512583733,1062,1076,0,14,359,55.05
222,DGLNGLPGPIGPPGPR,2,1,1546.77907574177,991,1006,0,15,343,67.33
223,DGLNGLPGPIGPPGPR,2,0,1545.79506540298,991,1006,0,15,343,62.38
224,DGLNGLPGPIGPPGPR,3,1,1562.77398598194,991,1006,0,15,343,59.64
225,DGLNGLPGPIGPPGPR,1,1,1530.78416550159,991,1006,0,15,343,50.67
226,DGLNGLPGPIGPPGPR,3,0,1561.78997564316,991,1006,0,15,343,46.68
227,GPPGSAGSPGKDGLNGLPGPIGPPGPR,3,0,2454.23044872284,980,1006,1,26,341,61.03
228,GPPGSAGSPGKDGLNGLPGPIGPPGPR,5,1,2487.20427954197,980,1006,1,26,341,54.76
229,GPPGSAGSPGKDGLNGLPGPIGPPGPR,4,1,2471.2093693018,980,1006,1,26,341,53.81
230,GPPGSAGSPGKDGLNGLPGPIGPPGPR,5,0,2486.22026920319,980,1006,1,26,341,47.29
231,GPPGSAGSPGKDGLNGLPGPIGPPGPR,3,1,2455.21445906162,980,1006,1,26,341,43.63
232,GPPGSAGSPGKDGLNGLPGPIGPPGPR,4,0,2470.22535896301,980,1006,1,26,341,41.78
233,GPPGSAGSPGKDGLNGLPGPIGPPGPR,2,1,2439.21954882145,980,1006,1,26,341,40.77
234,GPPGSAGSPGKDGLNGLPGPIGPPGPR,2,0,2438.23553848267,980,1006,1,26,341,22.8
235,GPPGSAGSPGK,0,0,911.451043367386,980,990,0,10,340,47.33
236,GPPGSAGSPGK,1,0,927.445953607559,980,990,0,10,340,46.23
237,GPPGSAGSPGK,2,0,943.440863847733,980,990,0,10,340,41.32
238,GFSGLQGPPGSPGSPGEQGPSGASGPAGPR,2,1,2680.21662020683,950,979,0,29,332,86.93
239,GFSGLQGPPGSPGSPGEQGPSGASGPAGPR,1,1,2664.22170996666,950,979,0,29,332,80.33
240,GFSGLQGPPGSPGSPGEQGPSGASGPAGPR,3,0,2695.22752010822,950,979,0,29,332,80.07
241,GFSGLQGPPGSPGSPGEQGPSGASGPAGPR,1,0,2663.23769962788,950,979,0,29,332,79.53
242,GFSGLQGPPGSPGSPGEQGPSGASGPAGPR,2,0,2679.23260986805,950,979,0,29,332,72.1
243,GFSGLQGPPGSPGSPGEQGPSGASGPAGPR,3,1,2696.21153044701,950,979,0,29,332,65.08
244,GFSGLQGPPGSPGSPGEQGPSGASGPAGPR,1,2,2665.20572030544,950,979,0,29,332,40.15
245,GFSGLQGPPGSPGSPGEQGPSGASGPAGPR,0,0,2647.2427893877,950,979,0,29,332,27.62
246,GETGEQGDR,0,0,948.394604086876,935,943,0,8,325,39.64
247,GDKGETGEQGDR,1,0,1264.53294551373,932,943,1,11,322,48.38
248,GETGEQGDRGIK,1,0,1262.59010517597,935,946,1,11,322,48.38
249,GDKGETGEQGDR,0,1,1249.52204561234,932,943,1,11,322,42.88
250,GETGEQGDRGIK,0,1,1247.57920527458,935,946,1,11,322,42.88
251,GDKGETGEQGDR,0,0,1248.53803527355,932,943,1,11,322,38.84
252,GETGEQGDRGIK,0,0,1246.5951949358,935,946,1,11,322,38.84
253,GPAGPQGPRGDK,0,1,1137.55767393112,923,934,1,11,316,27.08
254,GPAGPQGPRGDK,0,0,1136.57366359234,923,934,1,11,316,26.29
255,GPAGPQGPR,0,0,836.430232405663,923,931,0,8,315,56.87
256,GPAGPQGPR,0,1,837.414242744446,923,931,0,8,315,47.22
257,GPAGPQGPR,1,0,852.425142645836,923,931,0,8,315,28.57
258,GETGPAGPAGPIGPAGAR,0,0,1532.77464520931,905,922,0,17,308,80.87
259,GETGPAGPAGPIGPAGAR,1,0,1548.76955544949,905,922,0,17,308,61.71
260,GETGPAGPAGPIGPAGAR,2,0,1564.76446568966,905,922,0,17,308,41.82
261,NGDRGETGPAGPAGPIGPAGAR,0,0,1974.96715652943,901,922,1,21,305,66.53
262,NGDRGETGPAGPAGPIGPAGAR,2,0,2006.95697700977,901,922,1,21,305,63.11
263,NGDRGETGPAGPAGPIGPAGAR,1,0,1990.9620667696,901,922,1,21,305,60.7
264,NGDRGETGPAGPAGPIGPAGAR,0,1,1975.95116686821,901,922,1,21,305,57.85
265,NGDRGETGPAGPAGPIGPAGAR,1,1,1991.94607710838,901,922,1,21,305,47.41
266,NGDRGETGPAGPAGPIGPAGAR,2,1,2007.94098734856,901,922,1,21,305,36.25
267,NGDRGETGPAGPAGPIGPAGAR,3,0,2022.95188724995,901,922,1,21,305,23.79
268,GETGPAGPPGAPGAPGAPGPVGPAGK,3,0,2169.05027806759,875,900,0,25,298,81.0
269,GETGPAGPPGAPGAPGAPGPVGPAGK,4,0,2185.04518830776,875,900,0,25,298,67.18
270,GETGPAGPPGAPGAPGAPGPVGPAGK,2,0,2153.05536782742,875,900,0,25,298,59.46
271,GETGPAGPPGAPGAPGAPGPVGPAGK,1,0,2137.06045758724,875,900,0,25,298,39.25
272,GDRGETGPAGPPGAPGAPGAPGPVGPAGK,2,0,2481.20493876934,872,900,1,28,297,57.2
273,GDRGETGPAGPPGAPGAPGAPGPVGPAGK,4,0,2513.19475924969,872,900,1,28,297,45.33
274,GDRGETGPAGPPGAPGAPGAPGPVGPAGK,3,0,2497.19984900951,872,900,1,28,297,44.88
275,GDRGETGPAGPPGAPGAPGAPGPVGPAGK,1,0,2465.21002852917,872,900,1,28,297,33.95
276,DGAPGAKGDR,2,0,975.441913843155,865,874,1,9,293,47.79
277,DGAPGAKGDR,1,0,959.447003602982,865,874,1,9,293,40.61
278,DGAPGAKGDR,0,0,943.452093362808,865,874,1,9,293,29.67
279,EGSPGAEGSPGRDGAPGAK,3,0,1744.76629722118,853,871,1,18,289,61.67
280,EGSPGAEGSPGRDGAPGAK,2,0,1728.77138698101,853,871,1,18,289,51.54
281,EGSPGAEGSPGR,1,0,1116.48452460766,853,864,0,11,288,67.54
282,EGSPGAEGSPGR,2,0,1132.47943484783,853,864,0,11,288,60.88
283,GPPGPMGPPGLAGPPGESGR,3,0,1832.85268723965,833,852,0,19,284,87.49
284,GPPGPMGPPGLAGPPGESGR,2,0,1816.85777699947,833,852,0,19,284,79.01
285,GPPGPMGPPGLAGPPGESGR,0,0,1784.86795651913,833,852,0,19,284,76.28
286,GPPGPMGPPGLAGPPGESGR,1,0,1800.8628667593,833,852,0,19,284,69.27
287,GPPGPMGPPGLAGPPGESGR,5,0,1864.84250771999,833,852,0,19,284,66.68
288,GPPGPMGPPGLAGPPGESGR,4,0,1848.84759747982,833,852,0,19,284,50.82
289,QGPSGASGERGPPGPMGPPGLAGPPGESGR,3,0,2759.27346050739,823,852,1,29,281,42.51
290,QGPSGASGERGPPGPMGPPGLAGPPGESGR,2,0,2743.27855026722,823,852,1,29,281,41.12
291,QGPSGASGERGPPGPMGPPGLAGPPGESGR,0,0,2711.28872978687,823,852,1,29,281,21.92
292,QGPSGASGERGPPGPMGPPGLAGPPGESGR,4,0,2775.26837074757,823,852,1,29,281,20.72
293,QGPSGASGERGPPGPMGPPGLAGPPGESGR,5,0,2791.26328098774,823,852,1,29,281,20.69
294,QGPSGASGER,0,0,945.43134355545,823,832,0,9,280,48.64
295,GFPGLPGPSGEPGKQGPSGASGER,2,0,2255.06189835072,809,832,1,23,276,52.15
296,GFPGLPGPSGEPGKQGPSGASGER,3,0,2271.05680859089,809,832,1,23,276,43.63
297,GFPGLPGPSGEPGK,2,0,1328.64112508297,809,822,0,13,275,70.99
298,GFPGLPGPSGEPGK,1,0,1312.6462148428,809,822,0,13,275,64.84
299,GFPGLPGPSGEPGK,3,0,1344.63603532314,809,822,0,13,275,61.29
300,GFPGLPGPSGEPGK,0,0,1296.65130460262,809,822,0,13,275,33.81
301,GERGFPGLPGPSGEPGK,2,0,1670.80635607243,806,822,1,16,274,24.96
302,GVVGLPGQRGER,1,0,1240.66867387295,797,808,1,11,273,35.68
303,GVVGLPGQRGER,1,1,1241.65268421173,797,808,1,11,273,27.08
304,GVVGLPGQR,1,0,898.503442883492,797,805,0,8,272,53.81
305,GVVGLPGQR,1,1,899.487453222275,797,805,0,8,272,46.98
306,GVVGLPGQR,0,0,882.508532643318,797,805,0,8,272,35.65
307,GVVGLPGQR,0,1,883.492542982101,797,805,0,8,272,27.73
308,GSPGADGPAGSPGTPGPQGIAGQR,2,0,2120.98868787289,773,796,0,23,264,95.12
309,GSPGADGPAGSPGTPGPQGIAGQR,3,0,2136.98359811306,773,796,0,23,264,89.45
310,GSPGADGPAGSPGTPGPQGIAGQR,1,1,2105.9777879715,773,796,0,23,264,78.52
311,GSPGADGPAGSPGTPGPQGIAGQR,1,0,2104.99377763271,773,796,0,23,264,63.58
312,GSPGADGPAGSPGTPGPQGIAGQR,0,1,2089.98287773132,773,796,0,23,264,52.96
313,GSPGADGPAGSPGTPGPQGIAGQR,3,2,2138.95161879063,773,796,0,23,264,52.79
314,GSPGADGPAGSPGTPGPQGIAGQR,3,1,2137.96760845184,773,796,0,23,264,42.08
315,GSPGADGPAGSPGTPGPQGIAGQR,2,1,2121.97269821167,773,796,0,23,264,34.37
316,GETGPAGRPGEVGPPGPPGPAGEK,3,0,2216.05099844933,749,772,0,23,258,40.51
317,GETGPAGRPGEVGPPGPPGPAGEK,2,0,2200.05608820915,749,772,0,23,258,38.08
318,GETGPAGRPGEVGPPGPPGPAGEK,4,0,2232.0459086895,749,772,0,23,258,27.62
319,VGPPGPSGNAGPPGPPGPVGK,3,0,1840.91193664074,721,741,0,20,247,60.93
320,VGPPGPSGNAGPPGPPGPVGK,4,0,1856.90684688091,721,741,0,20,247,53.75
321,VGPPGPSGNAGPPGPPGPVGK,2,0,1824.91702640057,721,741,0,20,247,46.04
322,VGPPGPSGNAGPPGPPGPVGK,3,1,1841.89594697952,721,741,0,20,247,45.41
323,VGPPGPSGNAGPPGPPGPVGK,5,0,1872.90175712109,721,741,0,20,247,44.96
324,VGPPGPSGNAGPPGPPGPVGK,6,0,1888.89666736126,721,741,0,20,247,38.73
325,GAAGPPGATGFPGAAGR,2,0,1443.69053483009,704,720,0,16,239,95.13
326,GAAGPPGATGFPGAAGR,3,0,1459.68544507027,704,720,0,16,239,70.88
327,GAAGPPGATGFPGAAGR,1,0,1427.69562458992,704,720,0,16,239,29.84
328,GSRGAAGPPGATGFPGAAGR,2,0,1743.84519553185,701,720,1,19,237,66.18
329,GDAGPPGPAGPAGPPGPIGNVGAPGPKGSR,4,0,2623.27919924259,674,703,1,29,232,45.02
330,GDAGPPGPAGPAGPPGPIGNVGAPGPK,1,0,2275.13980782032,674,700,0,26,231,88.97
331,GDAGPPGPAGPAGPPGPIGNVGAPGPK,2,0,2291.13471806049,674,700,0,26,231,88.02
332,GDAGPPGPAGPAGPPGPIGNVGAPGPK,2,1,2292.11872839928,674,700,0,26,231,61.27
333,GDAGPPGPAGPAGPPGPIGNVGAPGPK,3,0,2307.12962830067,674,700,0,26,231,59.3
334,GDAGPPGPAGPAGPPGPIGNVGAPGPK,4,0,2323.12453854084,674,700,0,26,231,53.92
335,GDAGPPGPAGPAGPPGPIGNVGAPGPK,4,1,2324.10854887962,674,700,0,26,231,36.46
336,GDAGPPGPAGPAGPPGPIGNVGAPGPK,3,1,2308.11363863945,674,700,0,26,231,33.38
337,GDAGPPGPAGPAGPPGPIGNVGAPGPK,0,0,2259.14489758015,674,700,0,26,231,21.58
338,GEPGDTGVKGDAGPPGPAGPAGPPGPIGNVGAPGPK,3,0,3147.52755177021,665,700,1,35,224,51.73
339,GEPGDTGVKGDAGPPGPAGPAGPPGPIGNVGAPGPK,5,0,3179.51737225056,665,700,1,35,224,50.18
340,GEPGDTGVKGDAGPPGPAGPAGPPGPIGNVGAPGPK,2,0,3131.53264153004,665,700,1,35,224,34.65
341,GEPGDTGVKGDAGPPGPAGPAGPPGPIGNVGAPGPK,4,0,3163.52246201038,665,700,1,35,224,29.3
342,GEPGPPGPAGFAGPPGADGQPGAKGEPGDTGVK,5,0,3006.36448192596,641,673,1,32,216,28.68
343,GEPGPPGPAGFAGPPGADGQPGAK,4,0,2149.97164821625,641,664,0,23,215,58.28
344,GEPGPPGPAGFAGPPGADGQPGAK,3,0,2133.97673797607,641,664,0,23,215,57.7
345,GEPGPPGPAGFAGPPGADGQPGAK,2,0,2117.9818277359,641,664,0,23,215,53.46
346,GEPGPPGPAGFAGPPGADGQPGAK,4,1,2150.95565855503,641,664,0,23,215,47.65
347,GEPGPPGPAGFAGPPGADGQPGAK,3,1,2134.96074831486,641,664,0,23,215,36.73
348,GEPGPPGPAGFAGPPGADGQPGAK,5,0,2165.96655845642,641,664,0,23,215,36.37
349,GAPGDRGEPGPPGPAGFAGPPGADGQPGAK,5,0,2719.22752010822,635,664,1,29,208,48.27
350,GAPGDRGEPGPPGPAGFAGPPGADGQPGAK,4,0,2703.23260986805,635,664,1,29,208,44.71
351,GAPGDRGEPGPPGPAGFAGPPGADGQPGAK,5,1,2720.21153044701,635,664,1,29,208,35.27
352,GAPGDRGEPGPPGPAGFAGPPGADGQPGAK,4,1,2704.21662020683,635,664,1,29,208,31.09
353,GETGPSGPAGPTGAR,0,0,1311.62175488472,620,634,0,14,207,68.57
354,GETGPSGPAGPTGAR,1,0,1327.61666512489,620,634,0,14,207,40.93
355,GLTGPIGPPGPAGAPGDK,1,0,1574.81039583683,602,619,0,17,202,68.59
356,GLTGPIGPPGPAGAPGDKGETGPSGPAGPTGAR,2,0,2883.41649067402,602,634,1,32,201,55.32
357,GLTGPIGPPGPAGAPGDKGETGPSGPAGPTGAR,3,0,2899.41140091419,602,634,1,32,201,34.4
358,GLTGPIGPPGPAGAPGDKGETGPSGPAGPTGAR,1,0,2867.42158043385,602,634,1,32,201,31.43
359,GLTGPIGPPGPAGAPGDKGETGPSGPAGPTGAR,4,0,2915.40631115437,602,634,1,32,201,24.04
360,GADGSPGKDGVR,1,0,1131.53183436394,590,601,1,11,197,62.75
361,GADGSPGKDGVR,0,0,1115.53692412376,590,601,1,11,197,42.78
362,GDRGDAGPK,0,0,872.414963126183,581,589,1,8,192,28.33
363,GAAGLPGPKGDR,1,0,1111.57842373848,572,583,1,11,189,46.81
364,GAAGLPGPKGDR,2,0,1127.57333397865,572,583,1,11,189,43.81
365,GDTGAPGAPGSQGAPGLQGMPGER,4,0,2228.97680938244,548,571,0,23,182,82.98
366,GDTGAPGAPGSQGAPGLQGMPGER,4,1,2229.96081972122,548,571,0,23,182,79.03
367,GDTGAPGAPGSQGAPGLQGMPGER,4,2,2230.94483006001,548,571,0,23,182,42.84
368,GNNGAPGNDGAKGDTGAPGAPGSQGAPGLQGMPGER,5,1,3298.41944360733,536,571,1,35,177,50.88
369,GNNGAPGNDGAKGDTGAPGAPGSQGAPGLQGMPGER,5,0,3297.43543326855,536,571,1,35,177,46.15
370,GNNGAPGNDGAKGDTGAPGAPGSQGAPGLQGMPGER,6,2,3315.39836418629,536,571,1,35,177,44.36
371,GNNGAPGNDGAKGDTGAPGAPGSQGAPGLQGMPGER,6,0,3313.43034350872,536,571,1,35,177,35.16
372,GNNGAPGNDGAKGDTGAPGAPGSQGAPGLQGMPGER,6,1,3314.4143538475,536,571,1,35,177,34.71
373,GNNGAPGNDGAKGDTGAPGAPGSQGAPGLQGMPGER,2,1,3250.43471288681,536,571,1,35,177,22.99
374,GNNGAPGNDGAK,2,0,1103.46410441399,536,547,0,11,176,44.3
375,GNNGAPGNDGAK,1,0,1087.46919417381,536,547,0,11,176,32.51
376,GNNGAPGNDGAK,2,1,1104.44811475277,536,547,0,11,176,28.59
377,GNNGAPGNDGAK,0,1,1072.45829427242,536,547,0,11,176,28.26
378,GNNGAPGNDGAK,1,1,1088.4532045126,536,547,0,11,176,25.15
379,GVQGPPGPAGPRGNNGAPGNDGAK,2,0,2174.02647733688,524,547,1,23,173,23.53
380,GVQGPPGPAGPR,1,0,1105.56785345078,524,535,0,11,172,64.18
381,GVQGPPGPAGPR,1,1,1106.55186378956,524,535,0,11,172,56.8
382,GVQGPPGPAGPR,0,0,1089.5729432106,524,535,0,11,172,39.77
383,GVQGPPGPAGPR,2,0,1121.56276369095,524,535,0,11,172,24.48
384,GFPGERGVQGPPGPAGPR,2,1,1765.85471582413,518,535,1,17,169,40.67
385,GFPGERGVQGPPGPAGPR,2,0,1764.87070548534,518,535,1,17,169,28.1
386,GERGFPGER,1,0,1020.47865331173,515,523,1,8,166,45.97
387,DGEAGAQGAPGPAGPAGER,1,0,1680.7502464056,451,469,0,18,152,89.22
388,DGEAGAQGAPGPAGPAGER,0,0,1664.75533616543,451,469,0,18,152,88.77
389,DGEAGAQGAPGPAGPAGER,0,1,1665.73934650421,451,469,0,18,152,78.12
390,DGEAGAQGAPGPAGPAGER,1,1,1681.73425674438,451,469,0,18,152,77.15
391,GVPGPPGAVGPAGKDGEAGAQGAPGPAGPAGER,1,0,2822.37492990494,437,469,1,32,149,53.14
392,GVPGPPGAVGPAGKDGEAGAQGAPGPAGPAGER,3,0,2854.36475038528,437,469,1,32,149,52.77
393,GVPGPPGAVGPAGKDGEAGAQGAPGPAGPAGER,2,0,2838.36984014511,437,469,1,32,149,50.11
394,GVPGPPGAVGPAGKDGEAGAQGAPGPAGPAGER,3,1,2855.34876072407,437,469,1,32,149,23.16
395,GVPGPPGAVGPAGK,2,0,1192.62507426739,437,450,0,13,148,63.05
396,GVPGPPGAVGPAGK,1,0,1176.63016402721,437,450,0,13,148,43.51
397,GVPGPPGAVGPAGK,0,0,1160.63525378704,437,450,0,13,148,32.61
398,AGERGVPGPPGAVGPAGK,2,0,1605.82743549347,433,450,1,17,145,34.39
399,GTAGEPGKAGER,0,0,1129.5525841713,425,436,1,11,137,47.95
400,GTAGEPGKAGER,2,0,1161.54240465164,425,436,1,11,137,43.35
401,GTAGEPGKAGER,1,0,1145.54749441147,425,436,1,11,137,37.67
402,GQAGVMGFPGPKGTAGEPGK,4,0,1906.88948786259,413,432,1,19,136,40.01
403,GQAGVMGFPGPKGTAGEPGK,2,0,1874.89966738224,413,432,1,19,136,32.89
404,GQAGVMGFPGPKGTAGEPGK,3,0,1890.89457762241,413,432,1,19,136,24.36
405,GQAGVMGFPGPK,1,0,1161.56510448456,413,424,0,11,134,71.65
406,GQAGVMGFPGPK,2,1,1178.54402506351,413,424,0,11,134,68.81
407,GQAGVMGFPGPK,2,0,1177.56001472473,413,424,0,11,134,63.65
408,GQAGVMGFPGPK,3,0,1193.5549249649,413,424,0,11,134,54.14
409,GQAGVMGFPGPK,1,1,1162.54911482334,413,424,0,11,134,53.97
410,GQAGVMGFPGPK,3,1,1194.53893530369,413,424,0,11,134,51.35
411,TGPPGPAGQDGRPGPAGPPGAR,4,0,2030.95697700977,391,412,0,21,123,41.06
412,TGPPGPAGQDGRPGPAGPPGAR,3,1,2015.94607710838,391,412,0,21,123,40.38
413,TGPPGPAGQDGRPGPAGPPGAR,4,1,2031.94098734856,391,412,0,21,123,40.2
414,TGPPGPAGQDGRPGPAGPPGAR,2,0,1998.96715652943,391,412,0,21,123,37.31
415,TGPPGPAGQDGRPGPAGPPGAR,3,0,2014.9620667696,391,412,0,21,123,36.53
416,GLTGSPGSPGPDGKTGPPGPAGQDGRPGPAGPPGAR,7,1,3287.50929272175,377,412,1,35,119,31.19
417,GLTGSPGSPGPDGKTGPPGPAGQDGRPGPAGPPGAR,6,1,3271.51438248158,377,412,1,35,119,29.7
418,GLTGSPGSPGPDGKTGPPGPAGQDGRPGPAGPPGAR,6,0,3270.53037214279,377,412,1,35,119,25.61
419,GLTGSPGSPGPDGK,2,0,1258.58396542072,377,390,0,13,116,62.09
420,GLTGSPGSPGPDGK,1,0,1242.58905518055,377,390,0,13,116,56.9
421,GSPGEAGRPGEAGLPGAK,3,0,1655.79141640663,359,376,0,17,110,74.94
422,GSPGEAGRPGEAGLPGAK,2,0,1639.79650616646,359,376,0,17,110,74.3
423,GSPGPAGPKGSPGEAGRPGEAGLPGAK,5,0,2436.16819930077,350,376,1,26,105,26.57
424,GPAGERGSPGPAGPK,1,0,1350.669064641,344,358,1,14,100,52.42
425,GPAGERGSPGPAGPK,2,0,1366.66397488117,344,358,1,14,100,28.66
426,GFPGADGVAGPKGPAGER,1,0,1655.80668568611,332,349,1,17,96,71.91
427,GFPGADGVAGPKGPAGER,2,0,1671.80159592628,332,349,1,17,96,34.24
428,GFPGADGVAGPK,1,0,1088.53006398678,332,343,0,11,95,57.73
429,GFPGADGVAGPK,2,0,1104.52497422695,332,343,0,11,95,29.2
430,GGPGSRGFPGADGVAGPK,2,0,1615.77536559105,326,343,1,17,92,46.11
431,GEPGPSGLPGPPGERGGPGSR,3,0,1962.91951715946,311,331,1,20,88,36.15
432,GEPGPSGLPGPPGERGGPGSR,4,0,1978.91442739964,311,331,1,20,88,31.37
433,GEPGPSGLPGPPGER,3,0,1451.66912579536,311,325,0,14,87,77.47
434,GEPGPSGLPGPPGER,2,0,1435.67421555519,311,325,0,14,87,51.69
435,GEPGPSGLPGPPGER,1,0,1419.67930531502,311,325,0,14,87,22.15
436,GARGEPGPSGLPGPPGER,2,0,1719.83396601677,308,325,1,17,85,46.46
437,GARGEPGPSGLPGPPGER,3,0,1735.82887625694,308,325,1,17,85,44.67
438,GEPGPAGVQGPPGPAGEEGKR,2,0,1975.93993735313,287,307,1,20,81,72.27
439,GEPGPAGVQGPPGPAGEEGKR,2,1,1976.92394769192,287,307,1,20,81,71.89
440,GEPGPAGVQGPPGPAGEEGKR,1,0,1959.94502711296,287,307,1,20,81,25.57
441,GEPGPAGVQGPPGPAGEEGK,2,0,1819.83878731728,287,306,0,19,80,73.39
442,GEPGPAGVQGPPGPAGEEGK,2,1,1820.82279765606,287,306,0,19,80,65.73
443,GDTGAKGEPGPAGVQGPPGPAGEEGK,2,0,2349.088519454,281,306,1,25,77,36.89
444,GDTGAKGEPGPAGVQGPPGPAGEEGK,2,1,2350.07252979279,281,306,1,25,77,24.84
445,GNSGEPGAPGNKGDTGAK,1,0,1629.73934650421,269,286,1,17,71,63.08
446,GNSGEPGAPGNKGDTGAK,2,0,1645.73425674438,269,286,1,17,71,62.22
447,GNSGEPGAPGNKGDTGAK,3,0,1661.72916698456,269,286,1,17,71,61.77
448,GNSGEPGAPGNK,1,0,1100.48961436749,269,280,0,11,70,49.6
449,GNSGEPGAPGNK,2,0,1116.48452460766,269,280,0,11,70,36.94
450,GPSGPQGPSGAPGPKGNSGEPGAPGNK,3,0,2404.10555911064,254,280,1,26,67,34.83
451,GPSGPQGPSGAPGPKGNSGEPGAPGNK,4,1,2421.0844796896,254,280,1,26,67,21.01
452,GPSGPQGPSGAPGPK,1,0,1306.63160479069,254,268,0,14,66,81.76
453,GPSGPQGPSGAPGPK,2,0,1322.62651503086,254,268,0,14,66,80.23
454,GPSGPQGPSGAPGPK,3,0,1338.62142527103,254,268,0,14,66,68.22
455,GPSGPQGPSGAPGPK,1,1,1307.61561512947,254,268,0,14,66,66.42
456,GPSGPQGPSGAPGPK,2,1,1323.61052536964,254,268,0,14,66,24.05
457,GANGAPGIAGAPGFPGAR,3,0,1585.76479530334,236,253,0,17,60,82.26
458,GANGAPGIAGAPGFPGAR,3,1,1586.74880564213,236,253,0,17,60,73.56
459,GEPGPPGPAGAAGPAGNPGADGQPGAK,4,0,2316.04186892509,209,235,0,26,52,57.41
460,GEPGPPGPAGAAGPAGNPGADGQPGAK,5,0,2332.03677916527,209,235,0,26,52,54.14
461,GEPGPPGPAGAAGPAGNPGADGQPGAK,4,1,2317.02587926388,209,235,0,26,52,54.09
462,GEPGPPGPAGAAGPAGNPGADGQPGAK,3,1,2301.0309690237,209,235,0,26,52,35.32
463,GEPGPPGPAGAAGPAGNPGADGQPGAK,3,0,2300.04695868492,209,235,0,26,52,34.6
464,GEPGPPGPAGAAGPAGNPGADGQPGAK,5,1,2333.02078950405,209,235,0,26,52,34.28
465,GEPGPPGPAGAAGPAGNPGADGQPGAK,4,2,2318.00988960266,209,235,0,26,52,21.83
466,GSEGPQGVRGEPGPPGPAGAAGPAGNPGADGQPGAK,3,0,3167.46701157093,200,235,1,35,50,54.51
467,GSEGPQGVRGEPGPPGPAGAAGPAGNPGADGQPGAK,4,1,3184.44593214989,200,235,1,35,50,53.77
468,GSEGPQGVRGEPGPPGPAGAAGPAGNPGADGQPGAK,4,0,3183.4619218111,200,235,1,35,50,48.95
469,GSEGPQGVRGEPGPPGPAGAAGPAGNPGADGQPGAK,5,0,3199.45683205128,200,235,1,35,50,44.35
470,GSEGPQGVRGEPGPPGPAGAAGPAGNPGADGQPGAK,3,1,3168.45102190971,200,235,1,35,50,38.57
471,GSEGPQGVRGEPGPPGPAGAAGPAGNPGADGQPGAK,3,3,3170.41904258728,200,235,1,35,50,31.41
472,GSEGPQGVRGEPGPPGPAGAAGPAGNPGADGQPGAK,2,0,3151.47210133076,200,235,1,35,50,22.87
473,GSEGPQGVRGEPGPPGPAGAAGPAGNPGADGQPGAK,5,1,3200.44084239006,200,235,1,35,50,21.46
474,GSEGPQGVR,0,0,886.430623173714,200,208,0,8,49,72.74
475,GSEGPQGVR,0,1,887.414633512497,200,208,0,8,49,52.04
476,GEAGPQGARGSEGPQGVR,0,0,1709.82444572449,191,208,1,17,48,37.31
477,GEAGPQGAR,0,0,842.404392838478,191,199,0,8,47,41.39
478,GEAGPQGAR,0,1,843.388403177261,191,199,0,8,47,35.95
479,GNDGAVGAAGPPGPTGPTGPPGFPGAAGAKGEAGPQGAR,3,1,3372.57735228539,161,199,1,38,45,44.01
480,GNDGAVGAAGPPGPTGPTGPPGFPGAAGAKGEAGPQGAR,5,0,3403.58316242695,161,199,1,38,45,40.87
481,GNDGAVGAAGPPGPTGPTGPPGFPGAAGAKGEAGPQGAR,3,0,3371.5933419466,161,199,1,38,45,36.37
482,GNDGAVGAAGPPGPTGPTGPPGFPGAAGAKGEAGPQGAR,4,0,3387.58825218678,161,199,1,38,45,30.19
483,GNDGAVGAAGPPGPTGPTGPPGFPGAAGAKGEAGPQGAR,4,1,3388.57226252556,161,199,1,38,45,29.95
484,GNDGAVGAAGPPGPTGPTGPPGFPGAAGAK,4,0,2564.194429636,161,190,0,29,44,73.36
485,GNDGAVGAAGPPGPTGPTGPPGFPGAAGAK,3,0,2548.19951939583,161,190,0,29,44,64.65
486,GNDGAVGAAGPPGPTGPTGPPGFPGAAGAK,3,1,2549.18352973461,161,190,0,29,44,60.37
487,GNDGAVGAAGPPGPTGPTGPPGFPGAAGAK,4,1,2565.17843997478,161,190,0,29,44,59.19
488,GNDGAVGAAGPPGPTGPTGPPGFPGAAGAK,2,0,2532.20460915565,161,190,0,29,44,56.73
489,GNDGAVGAAGPPGPTGPTGPPGFPGAAGAK,1,0,2516.20969891548,161,190,0,29,44,27.59
490,GNDGAVGAAGPPGPTGPTGPPGFPGAAGAK,2,1,2533.18861949444,161,190,0,29,44,25.01
491,GRPGPPGSAGAR,2,0,1111.55324339867,149,160,0,11,39,54.71
492,GRPGPPGSAGAR,1,0,1095.55833315849,149,160,0,11,39,43.65
493,GRPGPPGSAGAR,0,0,1079.56342291832,149,160,0,11,39,29.0
494,GLPGERGRPGPPGSAGAR,2,0,1720.87684524059,143,160,1,17,36,28.48
495,GEPGSPGENGAPGQMGPR,3,0,1742.73288738728,125,142,0,17,31,90.41
496,GEPGSPGENGAPGQMGPR,4,1,1759.71180796623,125,142,0,17,31,84.32
497,GEPGSPGENGAPGQMGPR,3,2,1744.70090806484,125,142,0,17,31,79.02
498,GEPGSPGENGAPGQMGPR,3,1,1743.71689772606,125,142,0,17,31,76.0
499,GEPGSPGENGAPGQMGPR,4,0,1758.72779762745,125,142,0,17,31,73.58
500,GEPGSPGENGAPGQMGPR,4,2,1760.69581830502,125,142,0,17,31,69.52
501,GEPGSPGENGAPGQMGPR,2,0,1726.7379771471,125,142,0,17,31,26.71
502,GDTGPAGPKGEPGSPGENGAPGQMGPR,5,1,2556.08350110054,116,142,1,26,29,49.61
503,GDTGPAGPKGEPGSPGENGAPGQMGPR,3,1,2524.09368062019,116,142,1,26,29,46.53
504,GDTGPAGPKGEPGSPGENGAPGQMGPR,4,1,2540.08859086037,116,142,1,26,29,46.32
505,GDTGPAGPKGEPGSPGENGAPGQMGPR,3,0,2523.10967028141,116,142,1,26,29,46.3
506,GDTGPAGPKGEPGSPGENGAPGQMGPR,5,0,2555.09949076176,116,142,1,26,29,39.95
507,GDTGPAGPKGEPGSPGENGAPGQMGPR,4,0,2539.10458052158,116,142,1,26,29,37.54
508,GDTGPAGPKGEPGSPGENGAPGQMGPR,5,2,2557.06751143932,116,142,1,26,29,37.04
509,GDTGPAGPKGEPGSPGENGAPGQMGPR,4,2,2541.07260119915,116,142,1,26,29,35.95
510,GDTGPAGPKGEPGSPGENGAPGQMGPR,6,1,2572.07841134071,116,142,1,26,29,33.92
511,GFSGLDGAKGDTGPAGPK,1,0,1647.79036641121,107,124,1,17,26,79.88
512,GFSGLDGAKGDTGPAGPK,0,0,1631.79545617104,107,124,1,17,26,25.59
513,GFSGLDGAK,1,0,867.413583517075,107,115,0,8,25,46.11
514,GFSGLDGAK,0,0,851.418673276901,107,115,0,8,25,41.79
515,GHRGFSGLDGAK,0,0,1201.60022354126,104,115,1,11,23,56.24
516,GLPGTAGLPGMK,2,0,1130.5804349184,92,103,0,11,20,40.94
517,GLPGTAGLPGMK,3,0,1146.57534515858,92,103,0,11,20,37.56
518,GPPGPQGAR,1,0,852.425142645836,83,91,0,8,18,39.1
519,GPPGPQGAR,1,1,853.409152984619,83,91,0,8,18,25.26
520,NGDDGEAGKPGRPGER,1,0,1627.73491597176,67,82,0,15,12,45.54
521,NGDDGEAGKPGRPGER,2,1,1644.71383655071,67,82,0,15,12,31.64
522,NGDDGEAGKPGRPGER,2,0,1643.72982621193,67,82,0,15,12,20.9
523,GLPGPPGAPGPQGFQGPPGEPGEPGASGPMGPR,8,0,3132.38967251778,26,58,0,32,4,25.15
524,GLPGPPGAPGPQGFQGPPGEPGEPGASGPMGPR,3,1,3053.39913165569,26,58,0,32,4,25.04
525,GLPGPPGAPGPQGFQGPPGEPGEPGASGPMGPR,6,0,3100.39985203743,26,58,0,32,4,23.18
526,GLPGPPGAPGPQGFQGPPGEPGEPGASGPMGPR,7,0,3116.3947622776,26,58,0,32,4,21.73
527,SAGVSVPGPMGPSGPR,1,0,1468.7143458128,10,25,0,15,2,38.75
528,SAGVSVPGPMGPSGPR,0,0,1452.71943557262,10,25,0,15,2,31.37
529,SAGVSVPGPMGPSGPR,2,0,1484.70925605297,10,25,0,15,2,22.31
