,index,pep_id,pep_seq,pep_start,pep_end,pep_exp_mr,hyd_count,deam_count,pep_miss,prot_acc,pep_score,PMF_predict
0,0,1,SAGVSVPGPMGPSGPR,10,25,1467.7148,1,0,0.0,M00011|COL1_BNRAT,11.6,1469.7148
1,1,1,SAGVSVPGPMGPSGPR,10,25,1483.7108,2,0,0.0,M00011|COL1_BNRAT,12.11,1485.7108
2,2,1,SAGVSVPGPMGPSGPR,10,25,1499.7069,3,0,0.0,M00011|COL1_BNRAT,1.3,1501.7069
3,0,2,GLPGPPGAPGPQGFQGPPGEPGEPGASGPMGPR,26,58,3083.4153,5,0,0.0,M00011|COL1_BNRAT,4.73,3085.4153
4,1,2,GLPGPPGAPGPQGFQGPPGEPGEPGASGPMGPR,26,58,3099.4052,6,0,0.0,M00011|COL1_BNRAT,7.5,3101.4052
5,2,2,GLPGPPGAPGPQGFQGPPGEPGEPGASGPMGPR,26,58,3115.3976,7,0,0.0,"M00011|COL1_BNRAT, M00011|COL1_BNRAT",10.28,3117.3976
6,3,2,GLPGPPGAPGPQGFQGPPGEPGEPGASGPMGPR,26,58,3116.3747,7,1,0.0,M00011|COL1_BNRAT,11.46,3118.3747
7,0,3,PGERGPPGPQGARGLPGTAGLPGMK,79,103,2450.1855,6,0,2.0,M00011|COL1_BNRAT,1.17,2452.1855
8,1,3,PGERGPPGPQGARGLPGTAGLPGMK,79,103,2466.1829,7,0,2.0,M00011|COL1_BNRAT,2.34,2468.1829
9,2,3,PGERGPPGPQGARGLPGTAGLPGMK,79,103,2482.1766,8,0,2.0,M00011|COL1_BNRAT,22.61,2484.1766
10,0,4,GLPGTAGLPGMK,92,103,1145.5757,3,0,0.0,M00011|COL1_BNRAT,12.19,1147.5757
11,1,4,GLPGTAGLPGMK,92,103,1161.5703,4,0,0.0,M00011|COL1_BNRAT,2.26,1163.5703
12,0,5,GFSGLDGAK,107,115,850.4189,0,0,0.0,M00011|COL1_BNRAT,14.34,852.4189
13,1,5,GFSGLDGAK,107,115,866.413,1,0,0.0,M00011|COL1_BNRAT,22.46,868.413
14,0,6,GDTGPAGPK,116,124,798.3877,0,0,0.0,M00011|COL1_BNRAT,20.01,800.3877
15,0,7,GDTGPAGPKGEPGSPGENGAPGQMGPRGLPGER,116,148,3196.4079,7,1,2.0,M00011|COL1_BNRAT,1.83,3198.4079
16,0,8,GEPGSPGENGAPGQMGPR,125,142,1757.7308,4,0,0.0,M00011|COL1_BNRAT,29.83,1759.7308
17,1,8,GEPGSPGENGAPGQMGPR,125,142,1773.7251,5,0,0.0,M00011|COL1_BNRAT,11.99,1775.7251
18,0,9,PGPPGSAGAR,151,160,897.43,2,0,0.0,M00011|COL1_BNRAT,16.0,899.43
19,0,10,GNDGAVGAAGPPGPTGPTGPPGFPGAAGAK,161,190,2547.2054,3,0,0.0,M00011|COL1_BNRAT,3.39,2549.2054
20,1,10,GNDGAVGAAGPPGPTGPTGPPGFPGAAGAK,161,190,2563.1938,4,0,0.0,M00011|COL1_BNRAT,18.36,2565.1938
21,2,10,GNDGAVGAAGPPGPTGPTGPPGFPGAAGAK,161,190,2564.1811,4,1,0.0,M00011|COL1_BNRAT,6.21,2566.1811
22,0,11,GNDGAVGAAGPPGPTGPTGPPGFPGAAGAKGEAGPQGAR,161,199,3387.5692,4,1,1.0,M00011|COL1_BNRAT,4.34,3389.5692
23,0,12,GSEGPQGVR,200,208,885.4306,0,0,0.0,M00011|COL1_BNRAT,51.32,887.4306
24,0,13,GANGAPGIAGAPGFPGAR,236,253,1584.7657,3,0,0.0,M00011|COL1_BNRAT,54.21,1586.7657
25,1,13,GANGAPGIAGAPGFPGAR,236,253,1585.748,3,1,0.0,M00011|COL1_BNRAT,27.22,1587.748
26,0,14,GPSGPQGPSGAPGPK,254,268,1305.6329,1,0,0.0,M00011|COL1_BNRAT,25.53,1307.6329
27,1,14,GPSGPQGPSGAPGPK,254,268,1306.615,1,1,0.0,M00011|COL1_BNRAT,48.01,1308.615
28,2,14,GPSGPQGPSGAPGPK,254,268,1321.6281,2,0,0.0,M00011|COL1_BNRAT,16.78,1323.6281
29,0,15,GPSGPQGPSGAPGPKGNSGEPGAPGNKGDTGAK,254,286,2948.3388,4,0,2.0,M00011|COL1_BNRAT,0.63,2950.3388
30,0,16,GEPGPAGVQGPPGPAGEEGKR,287,307,1974.9389,2,0,1.0,M00011|COL1_BNRAT,6.04,1976.9389
31,0,17,GEPGPSGLPGPPGER,311,325,1434.675,2,0,0.0,M00011|COL1_BNRAT,47.3,1436.675
32,1,17,GEPGPSGLPGPPGER,311,325,1450.6694,3,0,0.0,M00011|COL1_BNRAT,72.01,1452.6694
33,0,18,GFPGADGVAGPK,332,343,1087.53,1,0,0.0,M00011|COL1_BNRAT,40.28,1089.53
34,0,19,GSPGEAGRPGEAGLPGAK,359,376,1638.7965,2,0,1.0,M00011|COL1_BNRAT,7.63,1640.7965
35,1,19,GSPGEAGRPGEAGLPGAK,359,376,1654.7909,3,0,1.0,M00011|COL1_BNRAT,8.04,1656.7909
36,0,20,GLTGSPGSPGPDGK,377,390,1241.5907,1,0,0.0,M00011|COL1_BNRAT,27.24,1243.5907
37,1,20,GLTGSPGSPGPDGK,377,390,1257.5841,2,0,0.0,M00011|COL1_BNRAT,30.72,1259.5841
38,0,21,TGPPGPAGQDGRPGPAGPPGAR,391,412,2013.9613,3,0,1.0,M00011|COL1_BNRAT,10.82,2015.9613
39,0,22,PGPAGPPGAR,403,412,907.4513,2,0,0.0,M00011|COL1_BNRAT,26.88,909.4513
40,0,23,GQAGVMGFPGPK,413,424,1160.56405,1,0,0.0,"M00011|COL1_BNRAT, M00011|COL1_BNRAT",37.82,1162.56405
41,1,23,GQAGVMGFPGPK,413,424,1176.5602000000001,2,0,0.0,"M00011|COL1_BNRAT, M00011|COL1_BNRAT, M00011|COL1_BNRAT",44.98,1178.5602000000001
42,2,23,GQAGVMGFPGPK,413,424,1177.5444,2,1,0.0,M00011|COL1_BNRAT,22.87,1179.5444
43,3,23,GQAGVMGFPGPK,413,424,1192.55535,3,0,0.0,"M00011|COL1_BNRAT, M00011|COL1_BNRAT",26.64,1194.55535
44,0,24,GVPGPPGAVGPAGK,437,450,1175.6297,1,0,0.0,M00011|COL1_BNRAT,0.94,1177.6297
45,1,24,GVPGPPGAVGPAGK,437,450,1191.62525,2,0,0.0,"M00011|COL1_BNRAT, M00011|COL1_BNRAT",22.48,1193.62525
46,0,25,GVPGPPGAVGPAGKDGEAGAQGAPGPAGPAGER,437,469,2854.3487,3,1,1.0,M00011|COL1_BNRAT,0.48,2856.3487
47,0,26,DGEAGAQGAPGPAGPAGER,451,469,1679.7534,1,0,0.0,M00011|COL1_BNRAT,24.04,1681.7534
48,0,27,GVQGPPGPAGPR,524,535,1104.5681,1,0,0.0,M00011|COL1_BNRAT,46.2,1106.5681
49,1,27,GVQGPPGPAGPR,524,535,1105.5522,1,1,0.0,M00011|COL1_BNRAT,29.07,1107.5522
50,0,28,GAAGLPGPK,572,580,782.4289,1,0,0.0,M00011|COL1_BNRAT,17.51,784.4289
51,0,29,GAAGLPGPKGDR,572,583,1126.5742,2,0,1.0,M00011|COL1_BNRAT,9.09,1128.5742
52,0,30,DGVRGLTGPIGPPGPAGAPGDKGETGPSGPAGPTGAR,598,634,3373.6129,6,0,2.0,M00011|COL1_BNRAT,3.07,3375.6129
53,0,31,GLTGPIGPPGPAGAPGDKGETGPSGPAGPTGAR,602,634,2882.41935,2,0,1.0,"M00011|COL1_BNRAT, M00011|COL1_BNRAT",18.28,2884.41935
54,1,31,GLTGPIGPPGPAGAPGDKGETGPSGPAGPTGAR,602,634,2898.416,3,0,1.0,M00011|COL1_BNRAT,13.88,2900.416
55,0,32,GAPGDRGEPGPPGPAGFAGPPGADGQPGAK,635,664,2702.2364,4,0,1.0,M00011|COL1_BNRAT,16.93,2704.2364
56,1,32,GAPGDRGEPGPPGPAGFAGPPGADGQPGAK,635,664,2718.2261,5,0,1.0,M00011|COL1_BNRAT,6.77,2720.2261
57,0,33,GEPGPPGPAGFAGPPGADGQPGAK,641,664,2132.9771,3,0,0.0,M00011|COL1_BNRAT,10.22,2134.9771
58,0,34,GAAGPPGATGFPGAAGR,704,720,1442.6914,2,0,0.0,M00011|COL1_BNRAT,83.2,1444.6914
59,1,34,GAAGPPGATGFPGAAGR,704,720,1458.6863,3,0,0.0,M00011|COL1_BNRAT,51.21,1460.6863
60,0,35,VGPPGPSGNAGPPGPPGPVGK,721,741,1839.9116,3,0,0.0,"M00011|COL1_BNRAT, M00011|COL1_BNRAT",22.09,1841.9116
61,1,35,VGPPGPSGNAGPPGPPGPVGK,721,741,1840.9001,3,1,0.0,M00011|COL1_BNRAT,9.81,1842.9001
62,0,36,GETGPAGRPGEVGPPGPPGPAGEK,749,772,2215.053,3,0,1.0,M00011|COL1_BNRAT,8.28,2217.053
63,0,37,GVVGLPGQR,797,805,897.503,1,0,0.0,M00011|COL1_BNRAT,45.25,899.503
64,1,37,GVVGLPGQR,797,805,898.487,1,1,0.0,M00011|COL1_BNRAT,25.69,900.487
65,0,38,GVVGLPGQRGER,797,808,1239.6696,1,0,1.0,M00011|COL1_BNRAT,9.89,1241.6696
66,0,39,GFPGLPGPSGEPGK,809,822,1311.6462,1,0,0.0,M00011|COL1_BNRAT,13.4,1313.6462
67,1,39,GFPGLPGPSGEPGK,809,822,1327.6418,2,0,0.0,M00011|COL1_BNRAT,42.06,1329.6418
68,2,39,GFPGLPGPSGEPGK,809,822,1343.6363,3,0,0.0,M00011|COL1_BNRAT,23.96,1345.6363
69,0,40,GPPGPMGPPGLAGPPGESGR,833,852,1799.8624,1,0,0.0,M00011|COL1_BNRAT,3.4,1801.8624
70,1,40,GPPGPMGPPGLAGPPGESGR,833,852,1815.8591,2,0,0.0,M00011|COL1_BNRAT,22.15,1817.8591
71,2,40,GPPGPMGPPGLAGPPGESGR,833,852,1831.8524,3,0,0.0,M00011|COL1_BNRAT,61.73,1833.8524
72,3,40,GPPGPMGPPGLAGPPGESGR,833,852,1847.8489,4,0,0.0,M00011|COL1_BNRAT,65.51,1849.8489
73,4,40,GPPGPMGPPGLAGPPGESGR,833,852,1863.8449,5,0,0.0,M00011|COL1_BNRAT,37.08,1865.8449
74,0,41,EGSPGAEGSPGR,853,864,1131.4798,2,0,0.0,M00011|COL1_BNRAT,31.61,1133.4798
75,0,42,DGAPGAKGDR,865,874,942.4514,0,0,1.0,M00011|COL1_BNRAT,2.4,944.4514
76,0,43,GETGPAGPAGPIGPAGAR,905,922,1531.7754,0,0,0.0,M00011|COL1_BNRAT,74.21,1533.7754
77,0,44,GPAGPQGPR,923,931,835.4298,0,0,0.0,M00011|COL1_BNRAT,41.19,837.4298
78,1,44,GPAGPQGPR,923,931,851.425,1,0,0.0,M00011|COL1_BNRAT,17.45,853.425
79,0,45,GFSGLQGPPGSPGSPGEQGPSGASGPAGPR,950,979,2662.2454,1,0,0.0,M00011|COL1_BNRAT,31.32,2664.2454
80,1,45,GFSGLQGPPGSPGSPGEQGPSGASGPAGPR,950,979,2678.2362,2,0,0.0,M00011|COL1_BNRAT,33.0,2680.2362
81,2,45,GFSGLQGPPGSPGSPGEQGPSGASGPAGPR,950,979,2694.229,3,0,0.0,M00011|COL1_BNRAT,42.02,2696.229
82,3,45,GFSGLQGPPGSPGSPGEQGPSGASGPAGPR,950,979,2695.2171,3,1,0.0,M00011|COL1_BNRAT,39.29,2697.2171
83,0,46,GPPGSAGSPGK,980,990,942.4402,2,0,0.0,M00011|COL1_BNRAT,19.45,944.4402
84,0,47,GPPGSAGSPGKDGLNGLPGPIGPPGPR,980,1006,2469.2325,4,0,1.0,M00011|COL1_BNRAT,16.09,2471.2325
85,1,47,GPPGSAGSPGKDGLNGLPGPIGPPGPR,980,1006,2470.2037,4,1,1.0,M00011|COL1_BNRAT,36.19,2472.2037
86,0,48,DGLNGLPGPIGPPGPR,991,1006,1560.7912,3,0,0.0,M00011|COL1_BNRAT,36.42,1562.7912
87,1,48,DGLNGLPGPIGPPGPR,991,1006,1561.775,3,1,0.0,M00011|COL1_BNRAT,38.25,1563.775
88,0,49,GPPGAVGAPGPQGFQGPAGEPGEPGQTGPAGSR,1078,1110,3002.3811,4,0,0.0,M00011|COL1_BNRAT,6.06,3004.3811
89,0,50,GFPGTPGLPGFK,1144,1155,1205.6089,2,0,0.0,M00011|COL1_BNRAT,10.09,1207.6089
90,1,50,GFPGTPGLPGFK,1144,1155,1221.604,3,0,0.0,M00011|COL1_BNRAT,22.17,1223.604
91,2,50,GFPGTPGLPGFK,1144,1155,1237.5982,4,0,0.0,M00011|COL1_BNRAT,9.6,1239.5982
92,0,51,VGAPGPAGAR,1203,1212,867.4562,1,0,0.0,M00011|COL1_BNRAT,42.54,869.4562
93,0,52,GSDGSVGPVGPAGPIGSAGPPGFPGAPGPK,1213,1242,2588.2617,3,0,0.0,M00011|COL1_BNRAT,4.65,2590.2617
94,0,53,GELGPVGNPGPAGPAGPR,1243,1260,1615.7986,1,1,0.0,M00011|COL1_BNRAT,40.8,1617.7986
95,0,54,GEAGLPGLSGPVGPPGNPGANGLTGAK,1261,1287,2405.1859,4,0,0.0,M00011|COL1_BNRAT,2.1,2407.1859
96,1,54,GEAGLPGLSGPVGPPGNPGANGLTGAK,1261,1287,2406.1679,4,1,0.0,M00011|COL1_BNRAT,1.26,2408.1679
97,0,55,GATGLPGVAGAPGLPGPR,1288,1305,1591.8326,3,0,0.0,M00011|COL1_BNRAT,42.76,1593.8326
98,0,56,GIPGPVGAAGATGPR,1306,1320,1292.6839,1,0,0.0,M00011|COL1_BNRAT,60.01,1294.6839
99,0,57,GLVGEPGPAGSK,1321,1332,1083.5567,1,0,0.0,M00011|COL1_BNRAT,16.93,1085.5567
100,1,57,GLVGEPGPAGSK,1321,1332,1099.5508,2,0,0.0,M00011|COL1_BNRAT,25.64,1101.5508
101,0,58,GSPGEPGSAGPAGPPGLR,1360,1377,1591.759,2,0,0.0,M00011|COL1_BNRAT,65.65,1593.759
102,1,58,GSPGEPGSAGPAGPPGLR,1360,1377,1607.7552,3,0,0.0,M00011|COL1_BNRAT,53.37,1609.7552
103,0,59,GLPGADGR,1384,1391,757.3717,1,0,0.0,M00011|COL1_BNRAT,31.55,759.3717
104,0,60,AGVMGPPGNR,1392,1401,986.4602,2,0,0.0,M00011|COL1_BNRAT,20.45,988.4602
105,1,60,AGVMGPPGNR,1392,1401,1002.4549,3,0,0.0,M00011|COL1_BNRAT,13.04,1004.4549
106,0,61,GSTGPAGVR,1402,1410,800.4141,0,0,0.0,M00011|COL1_BNRAT,22.26,802.4141
107,0,62,GPNGDAGRPGEPGLMGPR,1411,1428,1781.8126,3,0,1.0,M00011|COL1_BNRAT,7.93,1783.8126
108,1,62,GPNGDAGRPGEPGLMGPR,1411,1428,1782.7948,3,1,1.0,M00011|COL1_BNRAT,14.34,1784.7948
109,2,62,GPNGDAGRPGEPGLMGPR,1411,1428,1797.8076,4,0,1.0,M00011|COL1_BNRAT,4.04,1799.8076
110,0,63,GLPGSPGNVGPAGK,1429,1442,1239.609,2,1,0.0,M00011|COL1_BNRAT,0.67,1241.609
111,0,64,EGPVGLPGIDGR,1443,1454,1181.6029,1,0,0.0,M00011|COL1_BNRAT,18.28,1183.6029
112,0,65,EGPVGLPGIDGRPGPIGPAGPR,1443,1464,2097.0998,2,0,1.0,M00011|COL1_BNRAT,14.62,2099.0998
113,0,66,PGPIGPAGPR,1455,1464,917.5089,0,0,0.0,M00011|COL1_BNRAT,22.49,919.5089
114,1,66,PGPIGPAGPR,1455,1464,933.5029,1,0,0.0,M00011|COL1_BNRAT,18.77,935.5029
115,0,67,GEAGNIGFPGPK,1465,1476,1158.5682499999998,1,0,0.0,"M00011|COL1_BNRAT, M00011|COL1_BNRAT",56.91,1160.5682499999998
116,1,67,GEAGNIGFPGPK,1465,1476,1159.5521,1,1,0.0,M00011|COL1_BNRAT,43.42,1161.5521
117,0,68,GHPGLAGAR,1489,1497,850.4408,1,0,0.0,M00011|COL1_BNRAT,1.38,852.4408
118,0,69,GLPGEFGLPGPAGPR,1552,1566,1436.7417,1,0,0.0,M00011|COL1_BNRAT,15.6,1438.7417
119,1,69,GLPGEFGLPGPAGPR,1552,1566,1452.7378,2,0,0.0,M00011|COL1_BNRAT,63.15,1454.7378
120,2,69,GLPGEFGLPGPAGPR,1552,1566,1468.7324,3,0,0.0,M00011|COL1_BNRAT,19.12,1470.7324
121,0,70,GLPGEFGLPGPAGPRGER,1552,1569,1794.9003,2,0,1.0,M00011|COL1_BNRAT,4.55,1796.9003
122,0,71,GEIGNPGR,1642,1649,814.3933,1,0,0.0,M00011|COL1_BNRAT,22.52,816.3933
123,0,72,GAPGAIGAPGPAGASGDR,1654,1671,1509.7187,2,0,0.0,M00011|COL1_BNRAT,6.64,1511.7187
124,0,73,GEVGPAGPNGFAGPAGSAGQPGAK,1693,1716,2130.942,5,1,0.0,M00011|COL1_BNRAT,0.55,2132.942
125,0,74,GEVGPAGPNGFAGPAGSAGQPGAKGEK,1693,1719,2413.1094,3,1,1.0,M00011|COL1_BNRAT,3.64,2415.1094
126,0,75,GDGGPPGMTGFPGAAGR,1756,1772,1548.6606,3,0,0.0,M00011|COL1_BNRAT,7.4,1550.6606
127,1,75,GDGGPPGMTGFPGAAGR,1756,1772,1564.6589,4,0,0.0,M00011|COL1_BNRAT,43.23,1566.6589
128,0,76,TGPPGPSGITGPPGPPGAAGK,1773,1793,1816.8976,3,0,0.0,M00011|COL1_BNRAT,26.97,1818.8976
129,0,77,GDQGPVGR,1801,1808,784.3828,0,0,0.0,M00011|COL1_BNRAT,37.84,786.3828
130,1,77,GDQGPVGR,1801,1808,785.3668,0,1,0.0,M00011|COL1_BNRAT,36.31,787.3668
131,0,78,TGEIGASGPPGFAGEK,1809,1824,1505.7013,2,0,0.0,M00011|COL1_BNRAT,10.09,1507.7013
132,0,79,GPPGAVGSPGVNGAPGEAGR,1885,1904,1735.8127,2,1,0.0,M00011|COL1_BNRAT,12.51,1737.8127
133,1,79,GPPGAVGSPGVNGAPGEAGR,1885,1904,1750.8232,3,0,0.0,M00011|COL1_BNRAT,59.47,1752.8232
134,2,79,GPPGAVGSPGVNGAPGEAGR,1885,1904,1751.8095,3,1,0.0,M00011|COL1_BNRAT,60.04,1753.8095
135,0,80,DGNPGSDGPPGR,1905,1916,1140.479,1,0,0.0,M00011|COL1_BNRAT,13.9,1142.479
136,1,80,DGNPGSDGPPGR,1905,1916,1156.4748,2,0,0.0,M00011|COL1_BNRAT,52.96,1158.4748
137,0,81,GEPGPAGSVGPVGAVGPR,1957,1974,1559.8049,0,0,0.0,M00011|COL1_BNRAT,9.01,1561.8049
138,1,81,GEPGPAGSVGPVGAVGPR,1957,1974,1575.802,1,0,0.0,M00011|COL1_BNRAT,82.5,1577.802
139,0,82,GPSGPQGIR,1975,1983,867.4562,0,0,0.0,M00011|COL1_BNRAT,30.59,869.4562
140,0,83,SGHPGPVGPAGVR,2046,2058,1202.6152,1,0,0.0,M00011|COL1_BNRAT,32.72,1204.6152
